station,phi_from_Q,phi_from_N,phi_from_U,phi_err,dt,dt_err,src_pol_from_N,src_pol_from_U,src_pol_from_N_err,src_pol_from_U_err,Q_w,lambda2/lambda1 ratio,ray_back_azi,ray_inc
synth,-36.0,-36.0,90.0,5.5,0.5,0.002,154.588808894,89.9922652147,84.2901606076,0.0127990699408,,0.0441616810879,0.0,0.0
synth,12.0,12.0,90.0,0.0,0.132,0.0,2.42239023801,90.0047269307,153.753978184,0.0166084557324,,0.854188767688,0.0,0.0
