station,phi_from_Q,phi_from_N,phi_from_U,phi_err,dt,dt_err,src_pol_from_N,src_pol_from_U,src_pol_from_N_err,src_pol_from_U_err,Q_w,lambda2/lambda1 ratio,ray_back_azi,ray_inc
synth,-36.0,-36.0,90.0,5.0,0.5,0.002,154.588808894,89.9922652147,84.2901606076,0.0127990699408,,0.0441624497249,0.0,0.0
synth,-38.0,-38.0,90.0,0.0,0.238,0.0,143.364827423,89.9950831912,90.1943769542,0.0129571533606,,0.501079871968,0.0,0.0
