station,phi_from_Q,phi_from_N,phi_from_U,phi_err,dt,dt_err,src_pol_from_N,src_pol_from_U,src_pol_from_N_err,src_pol_from_U_err,Q_w,lambda2/lambda1 ratio,ray_back_azi,ray_inc
synth,-36.0,-36.0,90.0,7.0,0.504,0.008,154.21739341,89.9914903447,84.6979551404,0.0132810472925,,0.0699632208137,0.0,0.0
synth,-72.0,-72.0,90.0,0.0,0.292,0.0,131.726053,89.9851461054,141.483660278,0.0170034242281,,0.78602033488,0.0,0.0
