station,phi_from_Q,phi_from_N,phi_from_U,phi_err,dt,dt_err,src_pol_from_N,src_pol_from_U,src_pol_from_N_err,src_pol_from_U_err,Q_w,ray_back_azi,ray_inc
ST01,-38.0,70.74,90.0,3.0,0.048,0.001,10.3699424428,91.7863807437,9.48375092104,6.10396851794,-0.890005611815,108.74,156.5
ST02,60.0,89.53,90.0,2.0,0.042,0.011,5.57588933482,89.4959028332,6.43661672168,2.7405693151,0.0,29.53,160.6
ST03,-60.0,114.47,90.0,4.0,0.02,0.001,48.1992876656,84.1187192369,12.8807655762,23.8078059955,0.0,354.47,144.4
ST04,-26.0,76.07,90.0,2.0,0.044,0.001,7.36819661828,89.5554643314,6.43068411336,3.92320658371,0.0,282.07,163.9
ST05,48.0,-83.43,90.0,10.0,0.004,0.003,176.197599827,90.0536407016,17.2147816473,10.5378963773,0.0,48.57,141.8
