station,phi_from_Q,phi_from_N,phi_from_U,phi_err,dt,dt_err,src_pol_from_N,src_pol_from_U,src_pol_from_N_err,src_pol_from_U_err,Q_w,ray_back_azi,ray_inc
ST05,26.0,74.57,90.0,10.0,0.004,0.003,154.197599827,89.9463592984,17.2147816473,10.5378963773,0.0,48.57,141.8
ST04,-48.0,54.07,90.0,2.0,0.044,0.001,165.368196618,90.4445356686,6.43068411336,3.92320658371,0.0,282.07,163.9
ST02,38.0,67.53,90.0,2.0,0.042,0.001,163.575889335,90.5040971668,6.43661672168,2.7405693151,0.0,29.53,160.6
ST03,-82.0,-87.53,90.0,4.0,0.02,0.001,26.1992876656,95.8812807631,12.8807655762,23.8078059955,0.0,354.47,144.4
ST01,-60.0,48.74,90.0,3.0,0.048,0.001,168.369942443,88.2136192563,9.48375092104,6.10396851794,-0.764297739604,108.74,156.5
