station,phi,phi_err,dt,dt_err,src_pol,src_pol_err,Q_w,ray_back_azi,ray_inc
ST01,71.0,3.5,0.048,0.001,147.709834209,24.7825758142,0.0,108.74,156.5
ST02,89.0,2.5,0.042,0.001,9.46290386631,58.3750657442,0.0,29.53,160.6
ST03,-66.0,4.0,0.02,0.001,41.4137317058,24.5621526119,0.0,354.47,144.4
ST04,77.0,2.0,0.044,0.001,68.105108645,76.4558527667,0.0,282.07,163.9
ST05,-84.0,12.5,0.004,0.003,-40.7447603055,51.4051166555,0.385313489515,48.57,141.8
