station,phi,phi_err,dt,dt_err,src_pol,src_pol_err,Q_w,ray_back_azi,ray_inc
ST01,71.0,3.5,0.048,0.001,177.165079011,85.0765146449,0.0,108.74,156.5
ST02,89.0,2.5,0.042,0.001,40.4477623861,61.2378371705,0.0,29.53,160.6
ST03,-66.0,4.0,0.02,0.001,42.5905709805,13.8588641093,0.0,354.47,144.4
ST04,77.0,2.0,0.044,0.001,178.242435404,41.302906459,0.0,282.07,163.9
ST05,-84.0,12.5,0.004,0.003,178.010696067,41.2327459516,0.385313489515,48.57,141.8
