station,phi,phi_err,dt,dt_err,Q_w,ray_back_azi,ray_inc
ST01,71.0,0.5,0.048,0.00175,0.0,108.74,156.5
ST02,89.0,0.5,0.042,0.04525,0.0,29.53,160.6
ST03,-66.0,0.5,0.02,0.002,0.0,354.47,144.4
ST04,77.0,0.5,0.044,0.001,0.0,282.07,163.9
ST05,-84.0,1.5,0.004,0.04525,0.385313489515,48.57,141.8
