station,phi,phi_err,dt,dt_err,src_pol,src_pol_err,Q_w,ray_back_azi,ray_inc
WS02,-90.0,90.5,0.0,0.02,114.736795813,56.6754869412,0.0,355.59,112.5
WS03,-90.0,90.5,0.0,0.02,127.066919664,71.7502719332,0.0,9.12,124.1
WS05,77.0,8.0,0.007,0.008,126.762248413,95.7489332486,0.0,127.41,123.3
WS07,-90.0,90.5,0.0,0.02,59.5673546749,13.0024820122,0.0,322.94,127.4
WS15,-90.0,90.5,0.0,0.02,90.5448062267,95.0086951238,,118.38,200.0
