station,phi,phi_err,dt,dt_err,src_pol,src_pol_err,Q_w,ray_back_azi,ray_inc
WS04,-90.0,90.5,0.0,0.02,6.70888752485,43.9563507675,0.0,303.41,68.5
WS05,-90.0,90.5,0.0,0.02,118.291681103,68.4361525119,,193.01,68.7
WS16,-90.0,90.5,0.0,0.02,114.401116937,15.8145301739,,37.7,60.5
