station,phi,phi_err,dt,dt_err,src_pol,src_pol_err,Q_w,ray_back_azi,ray_inc
WS04,-90.0,90.5,0.0,0.02,11.9673199547,47.3618160044,,310.96,131.2
WS05,-90.0,90.5,0.0,0.02,141.999408594,47.4546306863,,189.11,138.6
WS16,-90.0,90.5,0.0,0.02,120.373825769,25.1109283598,,37.86,122.8
