station,phi,phi_err,dt,dt_err,src_pol,src_pol_err,Q_w,ray_back_azi,ray_inc
WS02,-90.0,90.5,0.0,0.02,48.2140951563,15.2797490071,0.0,318.73,128.3
WS03,-90.0,90.5,0.0,0.02,88.3787628029,7.08473458165,,217.17,156.6
WS08,-90.0,90.5,0.0,0.02,63.7601432201,12.8294429413,0.0,80.9,136.5
