station,phi_from_Q,phi_from_N,phi_from_U,phi_err,dt,dt_err,src_pol_from_N,src_pol_from_U,src_pol_from_N_err,src_pol_from_U_err,Q_w,ray_back_azi,ray_inc
WS04,-90.0,33.41,90.0,90.5,0.0,0.02,6.73213196249,88.023763323,44.3049664648,19.9250428335,0.0,303.41,68.5
WS05,-90.0,-76.99,90.0,90.5,0.0,0.02,118.507247609,91.2198053792,68.932682028,7.73123222554,,193.01,68.7
WS16,-5.0,32.7,90.0,5.0,0.00525,0.001125,106.646264958,91.8662882555,5.70295229891,8.53471405331,-0.371460638945,37.7,60.5
