station,phi,phi_err,dt,dt_err,src_pol,src_pol_err,Q_w,ray_back_azi,ray_inc
WS02,21.0,6.0,0.021,0.0015,133.574146147,27.9711624757,0.0,355.59,112.5
WS03,22.0,7.0,0.009,0.0005,90.7861794342,16.4725958922,0.748584255578,9.12,124.1
WS05,79.0,7.5,0.049,0.001,101.121194545,103.335979769,0.0,127.41,123.3
WS07,65.0,3.5,0.018,0.001,20.1477657699,78.0183190745,0.0,322.94,127.4
WS15,2.0,6.0,0.006,0.0005,158.419868191,39.8664168215,0.984286515974,118.38,200.0
