station,phi_from_Q,phi_from_N,phi_from_U,phi_err,dt,dt_err,src_pol_from_N,src_pol_from_U,src_pol_from_N_err,src_pol_from_U_err,Q_w,ray_back_azi,ray_inc
WS02,-90.0,48.73,90.0,90.5,0.0,0.02,48.1225156401,90.4595686969,16.3761374629,3.47825023817,0.0,318.73,128.3
WS03,-90.0,-52.83,90.0,90.5,0.0,0.02,88.3982906098,85.5246373091,7.803525521,1.72269080896,,217.17,156.6
WS08,73.0,-26.1,90.0,2.0,0.005,0.0005,76.2675496178,123.032240196,6.34501634191,86.6985644525,0.0,80.9,136.5
