station,phi,phi_err,dt,dt_err,Q_w
L24A,54.0,41.5,0.55,1.13125,0.830224885717
