station,phi,phi_err,dt,dt_err,Q_w
116A,-44.0,50.0,3.5,1.13125,0.0211939801525
